iter,accuracy,cost,utility,seed
0,0.30833333333333335,0,0.30833333333333335,42
1,0.35,120,0.29,42
2,0.5833333333333334,240,0.4633333333333334,42
3,0.625,360,0.445,42
0,0.2833333333333333,0,0.2833333333333333,2026
1,0.35,120,0.29,2026
2,0.475,240,0.355,2026
3,0.6916666666666667,360,0.5116666666666667,2026
4,0.775,480,0.535,2026
5,0.8166666666666667,600,0.5166666666666666,2026
0,0.325,0,0.325,9527
1,0.4,120,0.34,9527
2,0.625,240,0.505,9527
3,0.6333333333333333,360,0.4533333333333333,9527
