iter,accuracy,cost,utility,seed
0,0.225,0,0.225,42
1,0.35,120,0.32599999999999996,42
2,0.5833333333333334,240,0.5353333333333333,42
3,0.625,360,0.5529999999999999,42
4,0.625,480,0.529,42
0,0.2833333333333333,0,0.2833333333333333,2026
1,0.35,120,0.32599999999999996,2026
2,0.475,240,0.427,2026
3,0.6916666666666667,360,0.6196666666666666,2026
4,0.775,480,0.679,2026
0,0.325,0,0.325,9527
1,0.4,120,0.376,9527
2,0.625,240,0.577,9527
3,0.6333333333333333,360,0.5613333333333332,9527
