Run,Random_Seed,Active_F1,Passive_F1,Active_Accuracy,Passive_Accuracy,F1_Improvement,Improvement_%
1,42,0.8295887158186989,0.8174694706014125,0.831,0.81825,0.012119245217286356,1.4825318440785593
