Run,Random_Seed,Active_F1,Passive_F1,Active_Accuracy,Passive_Accuracy,F1_Improvement,Improvement_%
1,42,0.8312963078720983,0.8174694706014125,0.8325416666666666,0.81825,0.013826837270685788,1.6914194068328177
