Framework,Macro_F1,Weighted_F1,Accuracy,Head_F1,Tail_F1
Passive,0.6275514584037103,0.8715060797789711,0.896,0.9236402542230069,0.3314626625844136
Active,0.7224336339624617,0.9022068362484845,0.916,0.9358672842737772,0.5089999836511463
Proposed,0.7349358868124272,0.9070356288701334,0.9185,0.9385509626528806,0.5313208109719738
