Run,Random_Seed,Active_F1,Passive_F1,Active_Accuracy,Passive_Accuracy,F1_Improvement,Improvement_%
1,42,0.8382228173815298,0.8174694706014125,0.8389166666666666,0.81825,0.02075334678011731,2.5387305002166096
