Framework,Macro_F1,Weighted_F1,Accuracy,Head_F1,Tail_F1
Passive,0.6389880894734684,0.8799545497766209,0.904,0.9283332511209492,0.34964292782598766
Active,0.7129537528617478,0.9049140962825389,0.9195,0.9403637815751201,0.4855437241483753
Proposed,0.7224056843755917,0.9097557914440562,0.9225,0.9437348951045413,0.501076473646642
