iter,accuracy,cost,utility
0,0.5575,0,0.5575
1,0.59625,120,0.5722499999999999
2,0.7875,240,0.7394999999999999
3,0.85625,360,0.7842499999999999
4,0.87,480,0.774
