iter,accuracy,cost,utility
0,0.43,0,0.43
1,0.57375,120,0.54975
2,0.77375,240,0.72575
3,0.86125,360,0.78925
4,0.86875,480,0.77275
