iter,accuracy,cost,utility,seed
0,0.49625,0,0.49625,42
1,0.57375,120,0.54975,42
2,0.77375,240,0.72575,42
3,0.86125,360,0.78925,42
4,0.86875,480,0.77275,42
0,0.34375,0,0.34375,2026
1,0.59125,120,0.56725,2026
2,0.86875,240,0.82075,2026
3,0.8975,360,0.8254999999999999,2026
4,0.89375,480,0.7977500000000001,2026
0,0.42375,0,0.42375,9527
1,0.64875,120,0.62475,9527
2,0.84125,240,0.79325,9527
3,0.88,360,0.808,9527
4,0.8775,480,0.7815,9527
