Group,Iteration,F1,Accuracy
Group 1 (Baseline),2,0.3214122498042632,0.386
Group 2 (Unfiltered),2,0.2922097926648489,0.354
Group 3 (Filtered/Proposed),2,0.2941601926011539,0.357
