Group,Iteration,F1,Accuracy
Group 1 (Baseline),40,0.6715168668202449,0.699
Group 2 (Unfiltered),40,0.7314567913389415,0.75
Group 3 (Filtered/Proposed),40,0.7197990209525318,0.739
