Group,Iteration,F1,Accuracy
Group 1 (Baseline),5,0.38940501689880264,0.448
Group 2 (Unfiltered),5,0.42954493013064043,0.485
Group 3 (Filtered/Proposed),5,0.4308884015505868,0.48
