Group,Iteration,F1,Accuracy
Group 1 (Baseline),40,0.6715168668202449,0.699
Group 2 (Unfiltered),40,0.7283522016773382,0.746
Group 3 (Filtered/Proposed),40,0.7084432421475463,0.731
