Framework,Final_F1,Final_Accuracy
Passive,0.5980838245702597,0.666
Active,0.6564528583845243,0.679
Proposed,0.6919330451544858,0.723
