Framework,Final_F1,Final_Accuracy
Passive,0.5980838245702597,0.666
Active,0.6698020873448103,0.695
Proposed,0.711267549816032,0.737
