Framework,Final_F1,Final_Accuracy
Passive,0.7089287413505133,0.742
Active,0.7518349325846921,0.766
Proposed,0.7299851374462557,0.749
