Framework,Final_F1,Final_Accuracy
Passive,0.5289432833372034,0.606
Active,0.6200432065682,0.639
Proposed,0.6368295077906694,0.653
