Run,Random_Seed,Active_F1,Passive_F1,Active_Accuracy,Passive_Accuracy,F1_Improvement
1,42,0.5332207339012167,0.4324266427705527,0.528,0.516,0.10079409113066401
2,43,0.5332207339012167,0.4693824081162893,0.528,0.546,0.06383832578492743
3,44,0.5332207339012167,0.43956536421603826,0.528,0.516,0.09365536968517846
