active_mean,active_std,passive_mean,passive_std,difference,t_stat,p_value,w_stat,w_p_value,cohens_d
0.5332207339012167,0.0,0.44712480503429336,0.016006061501523162,0.08609592886692335,7.606995028547498,0.016845757806148366,0.0,0.25,7.6069950285475025
