Run,Random_Seed,Active_F1,Passive_F1,Active_Accuracy,Passive_Accuracy,F1_Improvement,Improvement_%
1,42,0.8320382465152864,0.8174694706014125,0.8324583333333333,0.81825,0.014568775913873844,1.7821798168383696
